ProfileID,UserID,FirstName,LastName,Bio,ProfilePic
,,Faustine,Derrik,Enjoys hiking and outdoor adventures.,https://example.com/profile_pics/74.jpg
,,Othilie,Lolande,Loves coding and coffee.,https://example.com/profile_pics/82.jpg
,,Jacquelyn,Kessiah,Avid reader and writer.,https://example.com/profile_pics/2.jpg
,,Emmie,Penelope,Enjoys hiking and outdoor adventures.,https://example.com/profile_pics/62.jpg
,,Reba,Mogerly,Avid reader and writer.,https://example.com/profile_pics/98.jpg
,,Karel,Filler,Tech enthusiast and gamer.,https://example.com/profile_pics/17.jpg
,,Oralee,Ami,Passionate about music and arts.,https://example.com/profile_pics/53.jpg
,,Merry,Charo,Tech enthusiast and gamer.,https://example.com/profile_pics/51.jpg
,,Claretta,Elihu,Loves coding and coffee.,https://example.com/profile_pics/69.jpg
,,Carolann,Olmsted,Enjoys hiking and outdoor adventures.,https://example.com/profile_pics/11.jpg
,,Konstance,Fidellas,Avid reader and writer.,https://example.com/profile_pics/11.jpg
,,Ranique,Braun,Loves coding and coffee.,https://example.com/profile_pics/25.jpg
,,Karin,Cohligan,Tech enthusiast and gamer.,https://example.com/profile_pics/42.jpg
,,Manda,Heilner,Tech enthusiast and gamer.,https://example.com/profile_pics/92.jpg
,,Glenine,Trudnak,Loves coding and coffee.,https://example.com/profile_pics/52.jpg
,,Karlee,Ronnica,Passionate about music and arts.,https://example.com/profile_pics/99.jpg
,,Nara,Quinta,Avid reader and writer.,https://example.com/profile_pics/90.jpg
,,Kerrill,Nishi,Passionate about music and arts.,https://example.com/profile_pics/45.jpg
,,Ingrid,Berger,Tech enthusiast and gamer.,https://example.com/profile_pics/88.jpg
,,Kelsi,Athalie,Enjoys hiking and outdoor adventures.,https://example.com/profile_pics/83.jpg
,,Charlot,Wayland,Passionate about music and arts.,https://example.com/profile_pics/36.jpg
,,Miranda,Procora,Loves coding and coffee.,https://example.com/profile_pics/14.jpg
,,Maureen,Gonzales,Avid reader and writer.,https://example.com/profile_pics/82.jpg
,,Caterina,Rosalinda,Avid reader and writer.,https://example.com/profile_pics/5.jpg
,,Darb,Osborne,Loves coding and coffee.,https://example.com/profile_pics/36.jpg
,,Madel,Alper,Enjoys hiking and outdoor adventures.,https://example.com/profile_pics/61.jpg
,,Sharla,Decima,Tech enthusiast and gamer.,https://example.com/profile_pics/10.jpg
,,Leann,Howzell,Passionate about music and arts.,https://example.com/profile_pics/57.jpg
,,Pollyanna,Shafer,Avid reader and writer.,https://example.com/profile_pics/65.jpg
,,Sydelle,Urian,Loves coding and coffee.,https://example.com/profile_pics/73.jpg
,,Crystal,Buell,Enjoys hiking and outdoor adventures.,https://example.com/profile_pics/59.jpg
,,Goldy,Amieva,Enjoys hiking and outdoor adventures.,https://example.com/profile_pics/53.jpg
,,Tobey,Cheadle,Loves coding and coffee.,https://example.com/profile_pics/56.jpg
,,Delores,Clinton,Passionate about music and arts.,https://example.com/profile_pics/16.jpg
,,Fernandina,Tannen,Enjoys hiking and outdoor adventures.,https://example.com/profile_pics/60.jpg
,,Diandra,Eradis,Passionate about music and arts.,https://example.com/profile_pics/84.jpg
,,Nomi,Gonta,Enjoys hiking and outdoor adventures.,https://example.com/profile_pics/62.jpg
,,Almeria,Mayor,Avid reader and writer.,https://example.com/profile_pics/76.jpg
,,Winnah,Falconer,Loves coding and coffee.,https://example.com/profile_pics/7.jpg
,,Juditha,Alake,Tech enthusiast and gamer.,https://example.com/profile_pics/95.jpg
,,Muire,Syman,Avid reader and writer.,https://example.com/profile_pics/100.jpg
,,Noella,Stanway,Loves coding and coffee.,https://example.com/profile_pics/92.jpg
,,Gussy,Cleres,Tech enthusiast and gamer.,https://example.com/profile_pics/91.jpg
,,Lavena,Salena,Enjoys hiking and outdoor adventures.,https://example.com/profile_pics/41.jpg
,,Ciel,Zoie,Enjoys hiking and outdoor adventures.,https://example.com/profile_pics/14.jpg
,,Bettye,Farrison,Loves coding and coffee.,https://example.com/profile_pics/46.jpg
,,Neilla,Ruelu,Tech enthusiast and gamer.,https://example.com/profile_pics/22.jpg
,,Laurena,Keever,Loves coding and coffee.,https://example.com/profile_pics/100.jpg
,,Cleo,Rothberg,Passionate about music and arts.,https://example.com/profile_pics/94.jpg
,,Pierrette,Ithaman,Passionate about music and arts.,https://example.com/profile_pics/50.jpg
,,Pearl,Welch,Enjoys hiking and outdoor adventures.,https://example.com/profile_pics/13.jpg
,,Wynnie,Twedy,Passionate about music and arts.,https://example.com/profile_pics/72.jpg
,,Dorita,Linetta,Loves coding and coffee.,https://example.com/profile_pics/68.jpg
,,Honor,Skricki,Tech enthusiast and gamer.,https://example.com/profile_pics/40.jpg
,,Leontyne,Warfourd,Loves coding and coffee.,https://example.com/profile_pics/12.jpg
,,Druci,Maeve,Passionate about music and arts.,https://example.com/profile_pics/49.jpg
,,Cherilyn,Liederman,Passionate about music and arts.,https://example.com/profile_pics/99.jpg
,,Aubrette,Nabalas,Enjoys hiking and outdoor adventures.,https://example.com/profile_pics/4.jpg
,,Corrianne,Marks,Loves coding and coffee.,https://example.com/profile_pics/94.jpg
,,Jeralee,Meibers,Enjoys hiking and outdoor adventures.,https://example.com/profile_pics/10.jpg
,,Barbara-Anne,Pruchno,Passionate about music and arts.,https://example.com/profile_pics/69.jpg
,,Magdalena,Nelle,Enjoys hiking and outdoor adventures.,https://example.com/profile_pics/84.jpg
,,Karen,Madeleine,Loves coding and coffee.,https://example.com/profile_pics/68.jpg
,,Randee,Lewison,Tech enthusiast and gamer.,https://example.com/profile_pics/13.jpg
,,Janith,Masera,Enjoys hiking and outdoor adventures.,https://example.com/profile_pics/11.jpg
,,Elspeth,Elisabet,Avid reader and writer.,https://example.com/profile_pics/90.jpg
,,Perla,Terzas,Avid reader and writer.,https://example.com/profile_pics/66.jpg
,,Lilllie,Basham,Loves coding and coffee.,https://example.com/profile_pics/4.jpg
,,Floria,Iyre,Loves coding and coffee.,https://example.com/profile_pics/97.jpg
,,Concordia,Zeidman,Passionate about music and arts.,https://example.com/profile_pics/17.jpg
,,Dianne,Geraldina,Avid reader and writer.,https://example.com/profile_pics/70.jpg
,,Abra,Asel,Loves coding and coffee.,https://example.com/profile_pics/82.jpg
,,Ester,Pampuch,Enjoys hiking and outdoor adventures.,https://example.com/profile_pics/39.jpg
,,Alfreda,Resor,Passionate about music and arts.,https://example.com/profile_pics/71.jpg
,,Charity,Bumgardner,Enjoys hiking and outdoor adventures.,https://example.com/profile_pics/74.jpg
,,Gaylene,Romonda,Tech enthusiast and gamer.,https://example.com/profile_pics/5.jpg
,,Seline,Luo,Enjoys hiking and outdoor adventures.,https://example.com/profile_pics/100.jpg
,,Jobi,Lotta,Enjoys hiking and outdoor adventures.,https://example.com/profile_pics/45.jpg
,,Andreana,Fidellia,Enjoys hiking and outdoor adventures.,https://example.com/profile_pics/53.jpg
,,Gay,Scibert,Tech enthusiast and gamer.,https://example.com/profile_pics/23.jpg
,,Ketti,Tallula,Passionate about music and arts.,https://example.com/profile_pics/10.jpg
,,Maia,Oneill,Tech enthusiast and gamer.,https://example.com/profile_pics/99.jpg
,,Perrine,Codel,Avid reader and writer.,https://example.com/profile_pics/13.jpg
,,Vickie,Renaud,Loves coding and coffee.,https://example.com/profile_pics/10.jpg
,,Therese,Nolana,Tech enthusiast and gamer.,https://example.com/profile_pics/90.jpg
,,Moyna,Weil,Passionate about music and arts.,https://example.com/profile_pics/29.jpg
,,Bobine,Teague,Avid reader and writer.,https://example.com/profile_pics/63.jpg
,,Lorianne,Peppard,Tech enthusiast and gamer.,https://example.com/profile_pics/85.jpg
,,Kesley,Swift,Loves coding and coffee.,https://example.com/profile_pics/26.jpg
,,Tori,Koetke,Avid reader and writer.,https://example.com/profile_pics/98.jpg
,,Ronda,Asare,Enjoys hiking and outdoor adventures.,https://example.com/profile_pics/60.jpg
,,Tallie,Trixy,Tech enthusiast and gamer.,https://example.com/profile_pics/59.jpg
,,Hedvig,Darooge,Tech enthusiast and gamer.,https://example.com/profile_pics/7.jpg
,,Babita,Herzberg,Enjoys hiking and outdoor adventures.,https://example.com/profile_pics/97.jpg
,,Jordain,Roybn,Loves coding and coffee.,https://example.com/profile_pics/22.jpg
,,Bertine,Charleen,Loves coding and coffee.,https://example.com/profile_pics/40.jpg
,,Sheelagh,Torres,Enjoys hiking and outdoor adventures.,https://example.com/profile_pics/18.jpg
,,Lonna,Hammel,Tech enthusiast and gamer.,https://example.com/profile_pics/91.jpg
,,Magdalene,Chi,Loves coding and coffee.,https://example.com/profile_pics/81.jpg
,,Brittne,Fabria,Avid reader and writer.,https://example.com/profile_pics/47.jpg
